Festival,Expected_Customers,Previous_Day_Consumption,Previous_Week_Same_Day,Meals_Consumed,Day_Friday,Day_Monday,Day_Saturday,Day_Sunday,Day_Thursday,Day_Tuesday,Day_Wednesday,Weather_Encoded
0,572,352,361,512,False,False,False,False,True,False,False,2
0,486,512,509,385,False,False,False,True,False,False,False,3
0,516,385,390,460,False,False,False,False,False,False,True,1
0,462,460,480,337,False,False,False,True,False,False,False,3
0,402,337,327,316,False,False,False,False,True,False,False,2
0,362,316,326,284,False,False,False,False,False,True,False,1
1,535,284,300,411,False,False,False,True,False,False,False,4
0,519,411,372,371,False,True,False,False,False,False,False,3
0,463,371,356,419,False,False,False,True,False,False,False,2
0,578,419,376,456,False,False,True,False,False,False,False,1
0,361,456,507,274,True,False,False,False,False,False,False,1
0,442,274,300,385,False,False,True,False,False,False,False,1
0,506,385,372,369,False,False,False,False,False,False,True,3
0,498,369,387,417,False,True,False,False,False,False,False,1
0,516,417,416,390,True,False,False,False,False,False,False,1
0,465,390,368,397,False,False,True,False,False,False,False,3
0,514,397,371,411,False,False,False,True,False,False,False,3
0,557,411,432,438,False,False,False,False,False,True,False,2
0,496,438,452,380,False,True,False,False,False,False,False,1
0,532,380,383,419,False,True,False,False,False,False,False,1
0,575,419,416,475,False,False,False,False,False,False,True,2
0,351,475,468,282,False,False,True,False,False,False,False,1
0,557,282,300,449,False,True,False,False,False,False,False,1
0,471,449,470,367,False,False,True,False,False,False,False,3
0,512,367,378,437,False,True,False,False,False,False,False,3
0,544,437,454,384,False,False,True,False,False,False,False,3
0,516,384,353,313,False,False,True,False,False,False,False,4
0,579,313,334,448,False,False,False,True,False,False,False,3
0,524,448,464,442,True,False,False,False,False,False,False,1
0,516,442,447,399,False,False,False,True,False,False,False,1
0,436,399,418,358,False,False,False,False,True,False,False,3
0,592,358,373,502,True,False,False,False,False,False,False,2
0,357,502,449,269,False,False,False,False,False,False,True,1
0,467,269,300,325,False,False,True,False,False,False,False,3
1,565,325,300,570,False,False,True,False,False,False,False,1
0,579,570,590,430,False,True,False,False,False,False,False,3
0,354,430,414,249,False,False,False,False,True,False,False,3
0,477,249,300,373,False,False,False,False,False,True,False,1
0,474,373,391,394,False,False,False,False,False,False,True,3
0,370,394,400,285,False,False,False,False,True,False,False,4
0,355,285,300,262,False,False,False,False,True,False,False,3
0,543,262,300,496,False,False,False,True,False,False,False,1
0,492,496,442,355,False,False,False,False,False,False,True,3
0,529,355,361,432,False,False,False,False,False,True,False,2
0,392,432,428,334,False,False,True,False,False,False,False,2
0,543,334,342,447,False,False,False,False,False,False,True,3
0,502,447,446,406,False,True,False,False,False,False,False,1
0,391,406,372,315,False,False,False,False,False,True,False,1
0,582,315,317,495,False,False,False,False,True,False,False,1
0,393,495,486,298,False,False,True,False,False,False,False,1
0,592,298,307,472,False,True,False,False,False,False,False,1
0,489,472,466,380,False,False,False,False,False,True,False,1
0,367,380,386,249,False,False,False,False,False,True,False,4
0,415,249,300,374,True,False,False,False,False,False,False,1
0,463,374,389,381,False,False,False,False,False,True,False,2
0,492,381,362,431,False,False,False,False,False,True,False,1
0,372,431,442,285,False,False,False,False,False,True,False,1
0,415,285,328,380,False,False,True,False,False,False,False,1
0,489,380,360,348,False,True,False,False,False,False,False,3
0,466,348,336,412,False,False,False,False,True,False,False,2
0,438,412,412,348,False,False,False,False,False,True,False,2
0,393,348,340,345,False,False,False,False,False,True,False,1
0,368,345,355,304,False,True,False,False,False,False,False,1
0,421,304,300,394,False,False,True,False,False,False,False,1
0,484,394,386,373,False,False,False,False,False,False,True,2
0,422,373,355,394,False,False,False,False,True,False,False,2
0,408,394,386,359,False,False,False,False,False,False,True,2
0,399,359,370,364,False,False,False,False,True,False,False,1
0,470,364,391,375,True,False,False,False,False,False,False,2
0,353,375,425,271,True,False,False,False,False,False,False,1
0,474,271,300,369,False,False,True,False,False,False,False,3
0,360,369,392,334,False,False,False,False,True,False,False,1
0,431,334,339,288,False,False,True,False,False,False,False,4
0,462,288,300,348,False,False,False,False,False,False,True,3
0,515,348,353,352,False,False,False,False,True,False,False,3
0,540,352,337,464,False,False,False,True,False,False,False,1
0,515,464,484,409,False,False,True,False,False,False,False,1
0,369,409,435,329,False,False,False,False,False,False,True,2
0,472,329,313,359,True,False,False,False,False,False,False,4
0,461,359,336,401,False,True,False,False,False,False,False,3
1,567,401,383,508,False,False,False,True,False,False,False,2
0,533,508,510,425,False,False,False,False,False,False,True,2
0,477,425,423,442,True,False,False,False,False,False,False,2
1,592,442,448,606,False,False,False,False,False,False,True,1
0,533,606,660,452,False,False,False,False,False,True,False,1
0,418,452,453,329,False,True,False,False,False,False,False,1
0,379,329,309,270,True,False,False,False,False,False,False,3
0,393,270,300,308,False,True,False,False,False,False,False,1
0,436,308,303,328,False,False,False,False,True,False,False,2
0,493,328,342,461,True,False,False,False,False,False,False,2
1,514,461,470,570,False,False,False,False,False,False,True,1
0,468,570,568,350,False,False,False,False,False,True,False,3
0,566,350,341,416,False,False,False,False,True,False,False,3
0,506,416,433,405,False,False,False,True,False,False,False,4
0,536,405,387,467,False,False,False,False,True,False,False,1
0,355,467,470,336,False,False,True,False,False,False,False,1
0,476,336,337,440,False,False,False,False,False,False,True,1
0,441,440,417,375,False,False,False,False,True,False,False,3
0,429,375,355,346,False,True,False,False,False,False,False,1
0,366,346,373,319,True,False,False,False,False,False,False,3
0,488,319,329,443,False,True,False,False,False,False,False,1
0,515,443,520,453,True,False,False,False,False,False,False,2
0,378,453,472,350,True,False,False,False,False,False,False,1
0,375,350,363,284,False,False,False,False,True,False,False,3
0,428,284,300,302,False,False,False,False,False,True,False,3
1,537,302,300,503,False,False,False,False,False,True,False,1
0,525,503,494,397,False,False,True,False,False,False,False,1
0,438,397,398,400,False,False,False,False,False,False,True,1
0,502,400,382,428,True,False,False,False,False,False,False,1
0,405,428,421,366,False,False,False,False,False,True,False,2
1,445,366,376,338,False,False,True,False,False,False,False,3
0,543,338,312,394,False,False,False,True,False,False,False,4
0,516,394,353,431,False,False,False,False,True,False,False,3
1,424,431,434,284,False,False,True,False,False,False,False,4
0,470,284,300,335,False,False,False,True,False,False,False,3
0,386,335,368,308,True,False,False,False,False,False,False,1
0,587,308,343,517,False,False,False,False,False,True,False,1
0,582,517,525,469,False,False,False,False,True,False,False,1
0,519,469,511,432,False,False,True,False,False,False,False,2
0,383,432,452,306,True,False,False,False,False,False,False,2
0,542,306,331,408,False,False,False,False,False,True,False,1
0,567,408,393,438,False,False,False,False,True,False,False,1
0,545,438,446,460,True,False,False,False,False,False,False,2
0,443,460,475,280,False,False,False,False,False,True,False,4
0,361,280,300,302,False,False,False,True,False,False,False,1
0,574,302,300,476,False,False,False,False,False,True,False,1
0,577,476,506,437,False,False,False,False,False,False,True,2
0,378,437,463,263,False,False,False,False,False,True,False,4
0,431,263,300,380,False,False,False,False,False,False,True,1
0,573,380,380,405,True,False,False,False,False,False,False,3
0,590,405,400,511,False,False,False,False,True,False,False,2
0,545,511,512,511,True,False,False,False,False,False,False,2
0,536,511,473,438,False,False,False,True,False,False,False,3
0,410,438,463,352,True,False,False,False,False,False,False,1
1,467,352,348,406,False,True,False,False,False,False,False,4
1,487,406,417,357,False,False,False,True,False,False,False,3
0,370,357,362,260,True,False,False,False,False,False,False,3
0,580,260,300,480,False,False,True,False,False,False,False,3
0,571,480,468,419,False,False,False,False,False,True,False,3
0,592,419,435,518,False,False,False,False,True,False,False,2
0,575,518,525,481,False,False,False,False,False,True,False,3
0,494,481,492,388,False,False,True,False,False,False,False,1
0,432,388,402,409,False,False,True,False,False,False,False,1
0,594,409,421,494,False,False,False,True,False,False,False,1
0,484,494,519,382,False,False,False,False,False,False,True,3
0,531,382,370,455,False,True,False,False,False,False,False,3
0,395,455,471,304,False,False,False,True,False,False,False,2
0,412,304,320,383,False,False,False,False,True,False,False,2
0,434,383,409,353,False,False,False,False,True,False,False,1
0,596,353,353,553,False,False,False,False,True,False,False,1
0,460,553,559,406,False,False,True,False,False,False,False,3
0,547,406,403,479,False,False,False,True,False,False,False,1
0,355,479,443,274,False,False,True,False,False,False,False,3
0,592,274,300,509,False,False,False,True,False,False,False,3
0,466,509,495,400,False,False,False,True,False,False,False,2
0,538,400,399,451,False,False,False,False,False,True,False,2
0,376,451,444,290,False,False,False,False,False,False,True,1
0,450,290,306,350,False,False,False,True,False,False,False,2
0,360,350,362,277,False,False,True,False,False,False,False,1
0,541,277,304,414,False,False,False,False,True,False,False,1
0,358,414,405,327,False,True,False,False,False,False,False,1
1,444,327,331,420,False,False,False,False,False,True,False,1
0,527,420,391,480,False,True,False,False,False,False,False,2
0,513,480,451,481,False,False,False,False,True,False,False,1
0,451,481,466,408,False,False,False,False,False,True,False,2
0,523,408,403,450,False,True,False,False,False,False,False,1
1,541,450,467,469,False,False,False,False,True,False,False,1
0,597,469,465,449,False,False,False,False,True,False,False,1
1,440,449,435,343,False,False,False,False,False,False,True,3
0,431,343,342,387,False,True,False,False,False,False,False,2
0,532,387,396,403,False,False,False,False,False,False,True,3
0,529,403,404,488,False,False,False,False,False,False,True,1
0,387,488,492,295,False,False,True,False,False,False,False,2
0,399,295,300,343,False,False,False,False,False,True,False,2
0,449,343,343,393,False,False,False,False,False,False,True,1
0,578,393,402,513,False,False,False,False,False,True,False,1
1,568,513,556,583,False,False,False,False,True,False,False,1
0,404,583,567,282,False,True,False,False,False,False,False,3
0,540,282,325,434,False,False,False,False,True,False,False,2
0,504,434,417,396,False,False,False,False,False,False,True,1
0,374,396,353,324,False,True,False,False,False,False,False,1
0,356,324,313,272,False,False,False,True,False,False,False,1
0,517,272,300,419,True,False,False,False,False,False,False,1
0,423,419,456,386,False,False,False,False,False,False,True,1
0,533,386,368,496,False,False,False,False,False,True,False,1
0,410,496,505,374,False,False,False,False,True,False,False,2
0,500,374,347,468,False,False,False,True,False,False,False,1
1,532,468,504,519,False,False,False,False,True,False,False,1
0,495,519,517,451,False,False,False,False,True,False,False,2
1,456,451,445,436,True,False,False,False,False,False,False,3
0,455,436,442,417,True,False,False,False,False,False,False,1
1,565,417,415,539,False,False,False,False,False,False,True,3
0,380,539,536,350,False,False,True,False,False,False,False,2
0,448,350,348,408,False,False,False,False,False,True,False,2
0,529,408,438,496,False,False,False,False,False,True,False,1
0,444,496,502,374,False,False,False,True,False,False,False,3
0,539,374,352,477,False,False,False,False,True,False,False,3
0,438,477,474,296,False,True,False,False,False,False,False,4
0,431,296,300,333,False,True,False,False,False,False,False,1
0,483,333,358,427,False,False,True,False,False,False,False,1
0,572,427,458,468,False,False,False,True,False,False,False,3
0,470,468,470,404,False,False,False,True,False,False,False,1
0,411,404,424,341,True,False,False,False,False,False,False,1
0,410,341,344,240,True,False,False,False,False,False,False,4
0,545,240,300,485,True,False,False,False,False,False,False,1
0,386,485,512,305,False,True,False,False,False,False,False,1
0,573,305,326,441,False,False,False,False,False,True,False,3
0,377,441,405,350,False,False,False,True,False,False,False,2
0,464,350,354,420,True,False,False,False,False,False,False,2
0,597,420,376,467,True,False,False,False,False,False,False,3
0,426,467,432,358,False,False,False,False,False,False,True,1
0,440,358,356,416,False,True,False,False,False,False,False,1
0,441,416,374,386,False,False,False,False,False,False,True,2
0,456,386,384,329,True,False,False,False,False,False,False,3
0,530,329,306,384,False,True,False,False,False,False,False,4
0,363,384,393,290,True,False,False,False,False,False,False,3
0,587,290,300,405,False,False,False,False,True,False,False,3
0,493,405,395,397,False,False,False,False,True,False,False,2
0,506,397,394,400,False,False,True,False,False,False,False,2
0,403,400,379,310,False,True,False,False,False,False,False,3
0,488,310,307,444,False,True,False,False,False,False,False,1
0,519,444,444,454,False,False,False,True,False,False,False,1
0,419,454,471,376,False,False,False,False,True,False,False,1
0,526,376,363,378,False,False,False,False,True,False,False,3
0,570,378,372,497,False,False,True,False,False,False,False,1
0,361,497,450,297,True,False,False,False,False,False,False,1
0,517,297,329,359,False,False,False,False,False,True,False,3
0,559,359,354,499,False,False,True,False,False,False,False,2
0,486,499,499,377,False,True,False,False,False,False,False,3
0,439,377,396,368,False,False,False,False,False,False,True,1
0,448,368,335,360,False,False,False,False,True,False,False,2
0,378,360,364,281,False,False,True,False,False,False,False,3
1,474,281,300,397,False,False,False,False,False,True,False,3
0,425,397,383,369,False,False,False,False,False,False,True,1
0,469,369,390,361,False,False,False,False,True,False,False,3
0,432,361,374,370,False,False,False,False,False,True,False,2
1,410,370,400,337,True,False,False,False,False,False,False,3
0,420,337,347,345,False,False,False,False,False,True,False,1
0,357,345,363,293,False,False,False,True,False,False,False,1
0,452,293,331,428,True,False,False,False,False,False,False,1
0,512,428,400,359,False,False,True,False,False,False,False,3
0,491,359,370,357,False,False,False,False,False,False,True,3
1,474,357,345,440,False,False,False,True,False,False,False,2
0,388,440,422,246,False,False,True,False,False,False,False,4
0,381,246,300,294,False,False,False,False,False,False,True,2
0,513,294,300,425,False,False,True,False,False,False,False,2
0,598,425,413,468,True,False,False,False,False,False,False,2
1,376,468,483,371,False,False,False,False,True,False,False,3
0,400,371,337,330,False,False,False,False,False,False,True,3
1,517,330,340,469,False,False,False,False,True,False,False,1
0,493,469,436,381,False,False,False,False,False,True,False,2
0,378,381,381,329,False,False,False,True,False,False,False,1
0,442,329,341,322,False,False,True,False,False,False,False,3
0,444,322,300,380,False,False,False,True,False,False,False,2
0,560,380,377,435,True,False,False,False,False,False,False,1
0,398,435,426,294,False,False,False,True,False,False,False,3
0,540,294,314,409,False,False,False,False,False,True,False,3
0,509,409,397,459,False,False,False,False,False,True,False,1
0,510,459,444,392,False,False,False,False,True,False,False,3
0,563,392,440,526,False,False,False,False,True,False,False,1
0,452,526,533,423,False,False,False,False,False,True,False,1
0,423,423,410,300,False,False,False,True,False,False,False,3
0,567,300,309,520,False,False,False,False,False,False,True,2
1,476,520,551,432,False,False,True,False,False,False,False,2
0,374,432,422,292,False,True,False,False,False,False,False,2
0,569,292,300,519,False,False,False,False,True,False,False,1
0,487,519,524,384,False,False,False,False,True,False,False,3
0,504,384,425,364,False,False,False,False,True,False,False,4
0,440,364,323,370,False,False,True,False,False,False,False,2
0,569,370,349,461,True,False,False,False,False,False,False,1
0,445,461,461,354,False,False,False,False,True,False,False,2
1,559,354,387,575,False,False,False,False,False,False,True,2
0,534,575,592,424,False,False,True,False,False,False,False,3
0,477,424,425,447,False,False,False,False,True,False,False,2
0,560,447,417,435,False,True,False,False,False,False,False,1
0,437,435,457,397,False,False,False,False,False,False,True,1
1,445,397,409,439,False,False,False,False,False,True,False,3
0,492,439,484,399,True,False,False,False,False,False,False,1
0,532,399,415,378,False,False,True,False,False,False,False,3
0,405,378,360,351,False,False,False,False,False,True,False,3
0,450,351,371,347,False,False,False,False,True,False,False,2
0,588,347,336,540,True,False,False,False,False,False,False,2
0,447,540,534,406,False,False,False,False,False,False,True,2
0,448,406,386,320,False,False,False,True,False,False,False,3
0,354,320,339,310,False,False,False,False,False,True,False,1
0,595,310,329,528,False,False,False,False,True,False,False,1
1,564,528,495,479,True,False,False,False,False,False,False,3
0,404,479,484,350,False,False,False,True,False,False,False,1
0,487,350,332,416,False,False,True,False,False,False,False,3
0,589,416,369,477,True,False,False,False,False,False,False,3
0,461,477,472,411,False,False,False,False,False,False,True,3
0,356,411,411,307,True,False,False,False,False,False,False,2
1,565,307,316,540,True,False,False,False,False,False,False,1
0,484,540,544,394,False,False,False,False,False,True,False,3
0,514,394,425,464,False,False,False,False,False,False,True,3
0,440,464,453,369,False,False,False,False,True,False,False,1
0,487,369,419,404,False,True,False,False,False,False,False,2
0,425,404,414,323,True,False,False,False,False,False,False,2
0,541,323,344,406,False,True,False,False,False,False,False,2
0,570,406,394,465,False,False,False,True,False,False,False,2
0,503,465,482,434,False,False,False,False,False,True,False,3
0,535,434,387,377,True,False,False,False,False,False,False,4
0,558,377,346,468,True,False,False,False,False,False,False,2
0,455,468,462,354,False,False,False,True,False,False,False,1
0,434,354,353,348,False,True,False,False,False,False,False,3
0,578,348,321,475,False,False,False,False,True,False,False,2
0,363,475,511,273,False,False,True,False,False,False,False,1
0,561,273,300,451,False,False,False,False,False,False,True,3
0,528,451,435,501,False,False,False,False,True,False,False,2
0,382,501,497,324,False,False,False,False,False,False,True,1
0,441,324,310,396,False,False,True,False,False,False,False,2
0,595,396,398,453,False,True,False,False,False,False,False,3
0,442,453,441,274,False,False,True,False,False,False,False,4
0,503,274,300,434,False,False,False,False,True,False,False,1
0,386,434,461,323,False,True,False,False,False,False,False,1
0,572,323,300,474,False,False,False,False,False,True,False,1
0,482,474,450,379,False,False,False,False,True,False,False,2
0,595,379,383,548,False,False,False,False,False,True,False,2
0,436,548,545,350,False,False,False,False,False,True,False,1
0,505,350,360,360,False,False,False,False,True,False,False,4
0,379,360,378,286,True,False,False,False,False,False,False,2
1,402,286,311,328,False,False,False,False,False,False,True,3
0,545,328,317,479,False,False,True,False,False,False,False,1
0,450,479,488,358,True,False,False,False,False,False,False,1
0,441,358,353,394,False,False,False,True,False,False,False,2
0,490,394,386,451,False,False,False,False,True,False,False,2
1,473,451,443,451,False,False,True,False,False,False,False,2
1,367,451,474,351,True,False,False,False,False,False,False,2
0,597,351,357,498,True,False,False,False,False,False,False,2
0,368,498,472,327,False,False,False,False,True,False,False,3
0,522,327,302,431,False,False,False,False,True,False,False,1
0,448,431,414,388,False,False,True,False,False,False,False,1
0,539,388,403,420,False,False,False,True,False,False,False,3
0,370,420,391,246,False,False,False,False,False,True,False,4
0,479,246,300,405,False,False,True,False,False,False,False,3
0,568,405,404,428,False,False,False,False,False,True,False,1
0,594,428,434,520,False,True,False,False,False,False,False,1
0,508,520,485,407,False,False,True,False,False,False,False,1
1,565,407,410,550,False,False,False,False,True,False,False,3
0,389,550,546,312,True,False,False,False,False,False,False,2
0,442,312,315,333,False,True,False,False,False,False,False,3
0,428,333,313,360,False,False,False,False,False,False,True,3
0,422,360,365,367,False,False,True,False,False,False,False,2
0,415,367,386,334,False,False,False,True,False,False,False,3
0,534,334,330,413,False,True,False,False,False,False,False,3
0,491,413,429,339,False,False,True,False,False,False,False,3
0,373,339,332,255,False,False,False,False,False,True,False,4
0,471,255,300,389,False,False,False,False,False,False,True,1
0,379,389,370,338,False,False,False,True,False,False,False,2
1,464,338,310,426,False,False,False,False,True,False,False,1
0,543,426,467,484,False,False,False,False,False,True,False,3
0,600,484,477,475,False,True,False,False,False,False,False,1
0,442,475,463,353,True,False,False,False,False,False,False,3
1,351,353,355,334,False,False,True,False,False,False,False,1
1,477,334,333,472,False,False,False,True,False,False,False,2
0,509,472,507,406,False,False,False,False,False,False,True,1
0,598,406,415,531,False,False,False,True,False,False,False,1
0,394,531,541,298,True,False,False,False,False,False,False,3
0,464,298,300,433,False,False,False,False,True,False,False,2
0,432,433,428,335,False,False,False,True,False,False,False,1
0,494,335,333,388,False,False,True,False,False,False,False,1
0,599,388,400,514,False,True,False,False,False,False,False,2
0,451,514,521,411,False,False,False,True,False,False,False,1
0,489,411,423,431,False,False,False,False,False,True,False,1
0,402,431,447,321,False,False,False,False,False,True,False,2
0,504,321,330,391,True,False,False,False,False,False,False,3
0,467,391,407,353,False,False,False,True,False,False,False,1
0,513,353,355,456,False,True,False,False,False,False,False,1
1,389,456,464,437,False,False,True,False,False,False,False,1
0,523,437,432,424,False,False,False,False,True,False,False,3
0,548,424,414,501,False,False,False,False,False,True,False,2
0,582,501,518,370,False,False,False,False,True,False,False,4
0,552,370,361,360,False,False,False,False,True,False,False,4
0,360,360,353,294,False,False,False,False,False,False,True,1
0,484,294,300,393,True,False,False,False,False,False,False,1
0,388,393,395,332,False,False,False,True,False,False,False,2
0,518,332,318,453,False,False,False,False,False,True,False,2
0,428,453,473,396,False,False,False,False,True,False,False,1
0,368,396,369,244,False,False,False,True,False,False,False,4
0,411,244,300,297,False,False,False,False,True,False,False,3
0,438,297,311,398,True,False,False,False,False,False,False,2
0,406,398,398,385,False,False,False,True,False,False,False,2
0,491,385,409,407,True,False,False,False,False,False,False,2
1,527,407,393,510,False,False,False,False,True,False,False,2
0,530,510,501,442,False,False,False,False,True,False,False,2
0,416,442,471,342,True,False,False,False,False,False,False,3
0,350,342,335,282,True,False,False,False,False,False,False,1
0,364,282,300,269,False,True,False,False,False,False,False,3
0,435,269,300,359,False,False,False,False,False,False,True,2
0,451,359,363,399,False,False,False,False,False,False,True,1
0,350,399,418,328,False,False,False,True,False,False,False,1
0,380,328,323,320,True,False,False,False,False,False,False,1
0,461,320,300,437,False,False,False,False,False,True,False,1
0,470,437,444,374,False,False,False,False,False,True,False,2
1,560,374,377,550,False,True,False,False,False,False,False,2
0,475,550,559,378,False,False,False,False,True,False,False,2
0,352,378,367,277,False,False,False,True,False,False,False,1
0,357,277,300,298,False,False,False,True,False,False,False,3
0,490,298,326,435,True,False,False,False,False,False,False,1
0,412,435,423,321,False,False,False,True,False,False,False,1
0,552,321,309,438,False,True,False,False,False,False,False,1
0,436,438,450,351,False,False,False,False,False,True,False,3
0,557,351,334,473,True,False,False,False,False,False,False,3
0,396,473,476,307,False,False,False,False,True,False,False,1
0,473,307,312,416,True,False,False,False,False,False,False,1
0,379,416,422,326,False,False,False,False,True,False,False,2
0,399,326,322,302,True,False,False,False,False,False,False,3
0,357,302,300,319,False,False,True,False,False,False,False,1
0,577,319,302,434,False,False,False,False,False,True,False,3
0,592,434,433,434,False,False,True,False,False,False,False,3
0,509,434,364,442,False,False,True,False,False,False,False,1
0,399,442,424,365,False,False,False,False,True,False,False,1
0,415,365,391,358,True,False,False,False,False,False,False,1
0,352,358,335,271,False,False,False,False,True,False,False,3
0,375,271,300,345,False,False,False,False,False,True,False,1
0,566,345,367,496,False,False,False,True,False,False,False,3
0,352,496,506,311,False,False,False,False,True,False,False,1
0,351,311,328,306,False,False,False,False,True,False,False,2
0,464,306,300,429,False,False,True,False,False,False,False,2
0,421,429,438,389,False,False,False,False,False,True,False,2
1,443,389,381,427,False,False,True,False,False,False,False,1
0,564,427,410,515,False,False,False,True,False,False,False,2
0,350,515,515,262,False,False,False,False,False,True,False,1
0,547,262,300,441,False,False,False,False,False,False,True,1
0,385,441,444,337,False,False,False,False,True,False,False,1
0,406,337,337,325,True,False,False,False,False,False,False,1
0,404,325,337,332,False,True,False,False,False,False,False,3
0,369,332,375,312,False,False,False,False,False,True,False,3
0,553,312,310,467,True,False,False,False,False,False,False,3
0,415,467,472,319,False,False,False,False,True,False,False,1
0,473,319,322,332,True,False,False,False,False,False,False,3
0,581,332,340,518,False,False,True,False,False,False,False,2
0,596,518,520,460,False,False,True,False,False,False,False,3
0,541,460,445,410,False,False,False,False,False,True,False,1
0,435,410,417,328,False,False,False,False,False,True,False,1
1,596,328,317,461,True,False,False,False,False,False,False,3
0,478,461,475,368,False,False,False,False,False,False,True,3
0,596,368,389,565,False,False,False,True,False,False,False,1
0,514,565,536,402,False,False,True,False,False,False,False,2
0,513,402,358,466,False,True,False,False,False,False,False,1
0,547,466,445,397,False,False,False,True,False,False,False,3
0,513,397,411,451,False,False,False,False,True,False,False,1
0,381,451,446,357,True,False,False,False,False,False,False,1
0,537,357,334,423,False,False,False,False,False,False,True,3
0,495,423,392,468,False,False,False,False,True,False,False,1
0,364,468,454,302,False,False,True,False,False,False,False,1
0,473,302,300,374,False,False,False,True,False,False,False,2
0,554,374,381,418,True,False,False,False,False,False,False,1
0,363,418,392,335,False,False,False,True,False,False,False,1
0,494,335,363,417,False,False,True,False,False,False,False,2
1,473,417,423,503,False,False,False,False,False,False,True,1
0,467,503,512,421,False,False,True,False,False,False,False,1
0,426,421,402,322,False,False,False,False,True,False,False,1
0,361,322,328,337,False,False,False,False,False,True,False,2
0,481,337,361,407,False,True,False,False,False,False,False,1
0,567,407,416,438,False,True,False,False,False,False,False,2
0,565,438,445,472,False,True,False,False,False,False,False,2
0,522,472,456,385,False,False,True,False,False,False,False,3
0,358,385,387,250,True,False,False,False,False,False,False,4
0,535,250,300,404,False,False,False,False,False,True,False,3
1,466,404,394,420,False,False,False,False,False,False,True,3
0,387,420,371,356,False,False,False,False,True,False,False,1
0,451,356,336,360,False,False,False,False,False,False,True,1
0,557,360,359,527,True,False,False,False,False,False,False,2
0,451,527,526,394,False,False,False,False,True,False,False,1
0,547,394,370,457,False,False,False,False,True,False,False,3
0,533,457,439,437,False,False,False,False,False,True,False,1
0,425,437,437,321,False,False,True,False,False,False,False,1
0,537,321,317,391,True,False,False,False,False,False,False,3
0,504,391,376,427,False,False,False,False,False,True,False,3
1,533,427,417,446,False,False,False,False,False,True,False,3
1,593,446,437,533,False,True,False,False,False,False,False,2
0,576,533,534,493,False,False,True,False,False,False,False,3
0,484,493,480,432,True,False,False,False,False,False,False,2
0,461,432,420,381,True,False,False,False,False,False,False,3
1,371,381,402,340,False,False,False,False,False,False,True,4
0,432,340,381,369,False,False,False,False,False,False,True,1
1,552,369,355,525,False,False,False,True,False,False,False,2
1,490,525,504,511,False,True,False,False,False,False,False,1
0,372,511,500,296,True,False,False,False,False,False,False,3
0,517,296,300,490,False,False,False,True,False,False,False,1
0,509,490,505,454,False,False,False,True,False,False,False,3
0,445,454,466,340,True,False,False,False,False,False,False,1
0,508,340,319,384,True,False,False,False,False,False,False,2
0,350,384,378,323,False,False,True,False,False,False,False,1
0,516,323,300,462,False,False,False,False,True,False,False,1
0,557,462,452,456,False,False,True,False,False,False,False,2
0,561,456,487,448,False,False,False,True,False,False,False,3
0,593,448,416,530,False,False,False,False,False,False,True,1
0,379,530,570,321,False,False,False,False,False,True,False,1
0,487,321,300,422,False,False,False,True,False,False,False,1
0,471,422,410,439,False,False,False,False,False,True,False,2
0,361,439,449,316,False,False,False,True,False,False,False,1
0,476,316,300,388,False,False,False,False,False,False,True,3
0,425,388,397,334,False,False,True,False,False,False,False,1
0,521,334,339,415,False,False,False,True,False,False,False,1
0,549,415,414,438,False,False,False,False,False,False,True,1
0,575,438,461,531,False,False,True,False,False,False,False,1
0,400,531,546,328,False,False,False,False,False,False,True,1
0,497,328,300,431,False,False,False,False,False,True,False,1
0,515,431,423,446,False,False,False,False,True,False,False,3
0,544,446,423,479,False,False,False,False,False,True,False,1
0,581,479,501,450,False,False,True,False,False,False,False,1
1,479,450,435,505,False,False,False,True,False,False,False,1
0,528,505,506,431,False,False,True,False,False,False,False,2
0,433,431,405,396,False,False,False,True,False,False,False,1
0,539,396,364,470,False,False,True,False,False,False,False,2
0,533,470,461,475,False,False,False,False,False,False,True,2
0,540,475,468,408,False,True,False,False,False,False,False,2
0,563,408,401,429,False,False,False,True,False,False,False,4
0,555,429,453,505,False,False,False,False,True,False,False,2
0,564,505,503,489,False,False,False,False,True,False,False,2
0,490,489,482,378,False,False,False,False,True,False,False,2
0,391,378,385,314,False,False,False,True,False,False,False,1
0,450,314,314,380,False,False,False,False,True,False,False,3
0,424,380,366,328,True,False,False,False,False,False,False,1
0,385,328,342,313,False,False,False,False,True,False,False,2
1,541,313,311,486,False,False,False,True,False,False,False,1
0,518,486,488,478,False,False,True,False,False,False,False,1
0,430,478,487,361,False,False,False,False,True,False,False,2
0,418,361,318,369,False,True,False,False,False,False,False,2
0,542,369,427,421,False,False,False,False,False,True,False,1
0,560,421,402,443,False,False,True,False,False,False,False,4
0,451,443,455,346,False,False,True,False,False,False,False,1
0,581,346,333,536,True,False,False,False,False,False,False,1
0,494,536,574,388,False,True,False,False,False,False,False,2
0,442,388,405,415,True,False,False,False,False,False,False,2
0,415,415,424,367,False,False,False,True,False,False,False,1
0,556,367,415,482,False,False,False,False,False,False,True,3
0,448,482,480,338,True,False,False,False,False,False,False,1
1,534,338,341,484,False,True,False,False,False,False,False,3
0,554,484,492,459,False,False,False,False,True,False,False,1
0,417,459,443,356,True,False,False,False,False,False,False,3
0,363,356,361,267,False,True,False,False,False,False,False,3
0,598,267,300,542,False,False,False,True,False,False,False,1
0,432,542,536,372,False,False,False,False,False,False,True,1
0,442,372,383,338,True,False,False,False,False,False,False,3
0,584,338,345,515,False,False,False,False,True,False,False,1
0,355,515,526,322,False,False,True,False,False,False,False,2
0,563,322,336,471,False,False,False,False,False,True,False,2
0,357,471,467,306,False,True,False,False,False,False,False,1
0,401,306,308,277,False,False,False,False,False,False,True,3
0,388,277,300,344,False,False,False,False,True,False,False,1
0,559,344,311,462,False,False,False,True,False,False,False,1
0,379,462,430,312,False,False,True,False,False,False,False,2
0,530,312,305,381,False,True,False,False,False,False,False,3
0,491,381,413,429,False,False,False,False,False,False,True,1
0,355,429,449,277,False,False,False,False,True,False,False,3
0,414,277,300,350,False,False,False,False,False,True,False,1
1,352,350,372,292,False,False,True,False,False,False,False,1
0,418,292,300,362,False,True,False,False,False,False,False,1
1,595,362,329,581,False,False,False,False,True,False,False,2
0,481,581,594,429,False,False,False,False,False,False,True,2
0,406,429,440,382,False,False,False,False,False,False,True,1
0,526,382,376,492,False,False,True,False,False,False,False,1
0,427,492,499,314,False,False,False,True,False,False,False,3
0,514,314,300,435,False,True,False,False,False,False,False,2
0,430,435,429,344,False,False,True,False,False,False,False,2
0,527,344,324,479,True,False,False,False,False,False,False,1
0,361,479,456,309,False,False,False,False,False,False,True,2
1,429,309,327,388,False,False,True,False,False,False,False,3
1,596,388,356,471,False,False,False,False,True,False,False,3
0,427,471,473,380,False,False,False,True,False,False,False,2
0,468,380,353,361,False,False,False,False,False,True,False,2
0,370,361,329,325,False,False,False,False,False,False,True,3
0,427,325,333,365,False,False,False,True,False,False,False,3
0,417,365,367,392,False,False,False,True,False,False,False,2
0,507,392,383,441,False,False,False,False,True,False,False,1
0,404,441,441,321,True,False,False,False,False,False,False,1
0,545,321,321,431,False,False,True,False,False,False,False,1
0,409,431,402,375,True,False,False,False,False,False,False,1
1,561,375,409,575,False,False,False,False,False,False,True,2
0,596,575,589,479,False,False,True,False,False,False,False,2
0,494,479,464,451,False,False,False,False,False,False,True,1
0,552,451,487,424,True,False,False,False,False,False,False,1
0,446,424,407,363,False,False,False,True,False,False,False,3
0,384,363,339,344,False,False,False,False,False,True,False,1
0,590,344,350,425,True,False,False,False,False,False,False,4
0,448,425,449,352,False,False,False,False,False,True,False,3
0,421,352,384,348,False,False,False,False,False,True,False,2
0,520,348,346,492,False,True,False,False,False,False,False,1
0,369,492,543,272,False,False,False,False,False,False,True,3
1,528,272,300,544,False,False,False,True,False,False,False,1
0,493,544,505,467,True,False,False,False,False,False,False,1
1,432,467,478,334,False,False,False,False,True,False,False,3
1,422,334,366,337,False,False,False,True,False,False,False,4
0,533,337,324,381,False,False,False,False,True,False,False,3
0,387,381,356,295,False,False,False,True,False,False,False,1
0,587,295,300,503,False,False,False,True,False,False,False,1
0,519,503,517,480,False,False,False,False,False,False,True,1
0,483,480,489,363,False,False,False,False,True,False,False,3
0,568,363,405,502,False,False,False,True,False,False,False,2
0,381,502,535,321,True,False,False,False,False,False,False,1
1,493,321,329,412,False,False,False,False,True,False,False,3
1,450,412,422,401,True,False,False,False,False,False,False,1
0,482,401,382,370,False,False,False,False,False,True,False,1
0,366,370,401,299,False,False,True,False,False,False,False,2
0,503,299,300,444,False,False,False,True,False,False,False,2
0,393,444,433,306,False,False,True,False,False,False,False,1
1,405,306,300,456,False,False,True,False,False,False,False,2
0,482,456,480,411,False,False,False,True,False,False,False,2
0,481,411,413,420,False,False,False,False,False,True,False,2
0,358,420,423,277,False,False,False,False,False,True,False,1
0,405,277,300,370,False,True,False,False,False,False,False,1
0,470,370,384,355,True,False,False,False,False,False,False,2
0,477,355,374,386,False,False,False,False,True,False,False,2
0,496,386,370,367,False,False,False,True,False,False,False,3
0,456,367,340,392,False,False,False,False,False,True,False,1
0,440,392,375,369,False,True,False,False,False,False,False,1
0,470,369,336,408,False,False,False,False,True,False,False,2
0,413,408,424,350,False,False,False,False,False,False,True,1
0,522,350,350,495,False,False,False,True,False,False,False,1
0,385,495,487,360,False,False,False,False,False,True,False,2
0,508,360,369,376,False,False,False,False,False,True,False,3
0,362,376,394,334,False,True,False,False,False,False,False,1
0,468,334,328,407,False,False,False,False,False,True,False,3
0,369,407,396,306,False,False,False,False,True,False,False,1
0,459,306,301,307,False,False,False,False,False,True,False,4
0,462,307,307,388,False,False,False,False,True,False,False,3
0,407,388,387,316,False,False,True,False,False,False,False,1
0,473,316,365,427,False,False,False,False,False,True,False,1
0,494,427,420,387,False,False,False,False,True,False,False,1
0,520,387,336,405,False,False,False,False,False,True,False,1
0,443,405,406,364,False,False,False,True,False,False,False,1
0,477,364,374,367,False,False,True,False,False,False,False,3
0,516,367,368,408,False,False,False,False,False,True,False,3
0,369,408,413,292,True,False,False,False,False,False,False,2
0,409,292,300,337,False,False,False,True,False,False,False,3
0,487,337,332,359,True,False,False,False,False,False,False,3
0,514,359,388,391,True,False,False,False,False,False,False,1
0,431,391,379,333,False,False,False,True,False,False,False,1
0,433,333,324,351,False,False,True,False,False,False,False,2
0,419,351,357,298,False,False,False,False,True,False,False,3
0,552,298,300,501,False,False,False,False,True,False,False,3
1,539,501,470,532,False,False,False,False,True,False,False,1
0,548,532,550,457,False,False,False,False,False,False,True,2
0,559,457,429,427,True,False,False,False,False,False,False,3
0,514,427,422,470,False,False,False,False,False,False,True,1
0,507,470,487,354,False,False,False,True,False,False,False,3
0,377,354,369,319,False,False,True,False,False,False,False,1
0,353,319,308,276,False,False,False,False,False,False,True,3
0,474,276,300,327,False,False,False,False,True,False,False,3
0,565,327,326,436,False,False,False,False,False,True,False,1
0,538,436,447,462,False,False,False,True,False,False,False,1
0,357,462,485,274,False,True,False,False,False,False,False,1
0,461,274,300,390,False,True,False,False,False,False,False,2
1,548,390,381,551,False,False,False,False,False,False,True,2
0,419,551,533,320,True,False,False,False,False,False,False,3
0,529,320,349,491,False,False,False,False,False,True,False,1
0,498,491,486,468,False,False,False,False,True,False,False,2
0,487,468,454,432,False,False,True,False,False,False,False,1
0,565,432,452,372,False,False,False,False,True,False,False,4
0,384,372,370,336,False,False,False,False,False,False,True,2
0,575,336,354,507,False,False,True,False,False,False,False,1
0,375,507,512,296,False,False,False,True,False,False,False,3
0,524,296,311,447,False,False,False,True,False,False,False,2
0,579,447,456,467,False,False,True,False,False,False,False,3
0,413,467,453,313,False,False,False,False,False,False,True,1
0,524,313,317,400,False,False,False,False,False,True,False,1
0,459,400,390,350,False,False,False,False,False,True,False,1
0,583,350,333,471,False,False,False,False,False,True,False,2
0,510,471,496,399,False,False,False,False,False,False,True,3
0,520,399,378,408,False,True,False,False,False,False,False,1
0,359,408,418,261,False,False,False,True,False,False,False,3
0,589,261,300,444,False,False,False,True,False,False,False,1
0,380,444,461,291,False,False,False,False,False,True,False,1
0,519,291,303,428,False,True,False,False,False,False,False,2
0,434,428,454,263,True,False,False,False,False,False,False,4
1,426,263,300,422,False,True,False,False,False,False,False,1
0,590,422,433,447,False,False,False,True,False,False,False,1
0,512,447,476,460,False,False,False,False,False,False,True,1
0,485,460,495,442,False,False,False,False,False,True,False,1
1,562,442,424,500,False,False,False,False,True,False,False,3
0,461,500,507,353,False,True,False,False,False,False,False,3
0,569,353,394,534,False,False,False,False,False,True,False,2
0,486,534,511,297,False,False,False,True,False,False,False,4
0,412,297,301,362,False,False,False,False,True,False,False,1
0,438,362,358,353,False,False,False,False,False,True,False,1
0,389,353,359,357,False,False,False,False,False,True,False,2
0,434,357,362,319,True,False,False,False,False,False,False,4
0,476,319,314,437,False,False,True,False,False,False,False,1
0,467,437,469,418,True,False,False,False,False,False,False,2
0,450,418,431,331,False,False,True,False,False,False,False,3
0,418,331,354,395,False,False,False,False,False,True,False,2
0,546,395,393,488,False,True,False,False,False,False,False,2
0,400,488,486,334,False,False,False,False,True,False,False,3
0,494,334,358,415,False,False,False,False,False,True,False,3
0,596,415,415,427,False,False,False,True,False,False,False,4
0,534,427,438,474,False,False,False,False,True,False,False,1
0,534,474,438,466,False,False,False,False,True,False,False,3
0,396,466,453,333,True,False,False,False,False,False,False,2
0,415,333,342,286,False,False,False,False,False,False,True,3
0,382,286,300,347,True,False,False,False,False,False,False,1
0,407,347,329,302,False,True,False,False,False,False,False,3
0,509,302,316,370,False,False,True,False,False,False,False,3
1,490,370,398,503,False,False,False,True,False,False,False,1
0,363,503,474,283,False,False,False,False,False,False,True,1
0,488,283,300,380,False,False,False,False,True,False,False,3
0,378,380,414,350,False,False,False,False,False,True,False,2
0,576,350,342,500,False,False,True,False,False,False,False,2
0,474,500,471,379,False,True,False,False,False,False,False,3
0,589,379,343,514,False,True,False,False,False,False,False,2
0,523,514,537,378,False,False,False,False,True,False,False,3
0,355,378,366,300,False,False,False,True,False,False,False,2
0,585,300,300,506,False,False,False,True,False,False,False,2
0,361,506,509,292,False,False,False,True,False,False,False,3
1,511,292,324,507,False,False,False,True,False,False,False,2
0,395,507,526,337,True,False,False,False,False,False,False,3
0,364,337,359,324,False,False,False,False,False,True,False,2
0,583,324,311,529,False,False,False,True,False,False,False,2
0,516,529,473,402,False,False,False,False,False,False,True,1
0,592,402,418,482,False,False,False,True,False,False,False,2
0,562,482,465,446,False,False,False,False,False,True,False,2
0,565,446,443,467,False,False,False,False,False,False,True,3
0,423,467,446,371,False,True,False,False,False,False,False,2
0,573,371,408,519,False,False,False,False,False,False,True,1
1,431,519,514,411,False,False,True,False,False,False,False,3
0,408,411,391,353,True,False,False,False,False,False,False,1
0,430,353,343,351,False,False,False,False,False,False,True,1
0,363,351,328,274,True,False,False,False,False,False,False,1
0,449,274,300,363,True,False,False,False,False,False,False,1
0,550,363,327,473,True,False,False,False,False,False,False,3
0,549,473,493,504,False,False,False,False,True,False,False,2
0,435,504,500,342,False,False,True,False,False,False,False,2
0,489,342,338,376,True,False,False,False,False,False,False,3
1,393,376,403,349,False,False,False,False,False,True,False,2
0,410,349,300,317,False,False,False,False,False,False,True,4
0,469,317,313,366,False,False,False,False,False,False,True,1
1,537,366,346,555,False,False,False,False,False,False,True,1
0,558,555,561,475,False,False,False,True,False,False,False,3
0,547,475,472,402,False,False,False,False,False,True,False,3
0,460,402,397,428,False,True,False,False,False,False,False,1
0,592,428,411,497,True,False,False,False,False,False,False,3
1,381,497,478,365,False,False,True,False,False,False,False,2
0,458,365,354,349,False,False,False,False,False,False,True,2
0,571,349,348,483,False,False,False,False,False,True,False,3
0,362,483,434,296,False,False,False,False,True,False,False,1
0,389,296,313,361,True,False,False,False,False,False,False,2
0,392,361,362,367,False,False,False,False,False,False,True,2
0,382,367,377,290,True,False,False,False,False,False,False,2
0,499,290,300,433,True,False,False,False,False,False,False,3
0,470,433,422,376,False,True,False,False,False,False,False,2
0,360,376,353,310,False,False,False,True,False,False,False,1
0,412,310,321,347,True,False,False,False,False,False,False,1
0,420,347,348,344,False,False,True,False,False,False,False,2
0,598,344,350,462,False,True,False,False,False,False,False,1
1,359,462,453,317,False,False,False,False,True,False,False,3
0,489,317,306,417,False,False,False,True,False,False,False,1
0,586,417,411,522,False,False,False,True,False,False,False,2
0,479,522,525,411,False,False,False,False,False,True,False,1
1,535,411,409,470,False,False,False,False,False,True,False,3
0,542,470,453,498,False,False,False,True,False,False,False,1
0,385,498,489,271,False,False,False,False,False,True,False,4
0,361,271,311,280,False,True,False,False,False,False,False,3
0,377,280,307,317,False,False,True,False,False,False,False,1
0,430,317,318,326,False,False,False,False,False,False,True,1
0,559,326,313,448,False,False,False,False,False,False,True,1
1,451,448,460,388,False,False,True,False,False,False,False,1
0,435,388,390,344,False,False,True,False,False,False,False,2
1,552,344,376,603,True,False,False,False,False,False,False,1
0,590,603,595,480,False,False,False,True,False,False,False,3
0,591,480,490,482,False,True,False,False,False,False,False,3
0,530,482,480,463,False,True,False,False,False,False,False,3
1,525,463,448,475,False,True,False,False,False,False,False,1
0,577,475,495,454,False,False,False,False,False,False,True,3
0,457,454,464,393,False,False,True,False,False,False,False,3
0,532,393,356,483,False,False,False,False,False,False,True,1
0,574,483,487,469,False,False,True,False,False,False,False,3
1,575,469,460,606,False,False,False,True,False,False,False,2
0,405,606,631,316,True,False,False,False,False,False,False,2
0,358,316,335,291,False,False,False,False,True,False,False,1
0,382,291,304,339,False,False,False,False,False,True,False,3
0,398,339,332,313,False,False,False,False,True,False,False,1
0,549,313,304,509,False,False,False,True,False,False,False,1
0,572,509,489,479,False,False,True,False,False,False,False,1
0,543,479,487,474,False,False,True,False,False,False,False,1
0,509,474,474,480,False,False,False,False,False,False,True,2
0,566,480,508,471,False,True,False,False,False,False,False,1
0,358,471,449,270,False,False,False,False,True,False,False,4
0,527,270,300,412,False,False,False,False,False,False,True,2
0,383,412,412,327,False,False,False,False,True,False,False,2
0,590,327,321,527,False,False,False,False,False,True,False,1
0,552,527,510,508,False,True,False,False,False,False,False,2
0,424,508,519,387,False,False,True,False,False,False,False,2
0,387,387,423,314,False,False,False,False,False,False,True,1
0,420,314,321,354,False,False,False,False,False,True,False,2
0,465,354,350,357,False,False,False,False,False,False,True,3
1,594,357,383,598,False,False,False,False,False,False,True,1
0,403,598,608,368,False,False,False,True,False,False,False,2
0,387,368,351,273,False,True,False,False,False,False,False,3
0,512,273,300,430,False,False,False,False,False,True,False,2
0,596,430,411,536,False,False,False,False,True,False,False,2
0,535,536,560,438,False,False,True,False,False,False,False,1
0,566,438,468,426,True,False,False,False,False,False,False,4
0,370,426,426,286,False,True,False,False,False,False,False,1
1,532,286,300,490,True,False,False,False,False,False,False,3
0,436,490,481,367,False,False,False,False,True,False,False,3
0,587,367,377,515,False,False,False,False,False,True,False,2
0,372,515,517,301,False,False,False,False,False,True,False,2
0,430,301,339,307,False,False,False,False,True,False,False,3
0,503,307,327,453,False,False,False,False,False,True,False,3
0,389,453,426,335,False,False,True,False,False,False,False,3
1,385,335,310,387,False,True,False,False,False,False,False,3
0,484,387,403,373,False,False,False,False,True,False,False,2
0,419,373,338,386,False,False,False,True,False,False,False,1
0,452,386,340,388,False,False,False,False,False,False,True,1
0,579,388,393,447,False,True,False,False,False,False,False,1
0,500,447,445,417,False,False,False,False,False,True,False,1
0,555,417,412,511,False,False,False,True,False,False,False,1
0,355,511,519,286,False,False,False,False,False,True,False,1
1,394,286,300,377,False,False,False,False,True,False,False,1
1,423,377,383,425,False,False,True,False,False,False,False,3
1,465,425,414,458,False,False,True,False,False,False,False,1
0,425,458,474,378,False,False,False,False,False,True,False,1
0,575,378,359,459,False,False,False,False,False,True,False,1
0,578,459,460,434,True,False,False,False,False,False,False,1
0,364,434,396,316,False,False,True,False,False,False,False,2
0,395,316,310,294,False,False,False,True,False,False,False,3
0,508,294,313,471,False,False,True,False,False,False,False,1
0,556,471,505,437,False,False,True,False,False,False,False,2
0,368,437,434,334,False,True,False,False,False,False,False,1
0,567,334,330,429,False,False,True,False,False,False,False,1
0,468,429,430,356,False,False,False,False,False,False,True,2
1,532,356,379,555,False,False,False,False,True,False,False,1
0,451,555,560,397,True,False,False,False,False,False,False,3
0,527,397,409,455,False,True,False,False,False,False,False,1
0,524,455,400,426,False,False,False,True,False,False,False,1
0,358,426,439,299,False,False,False,False,False,True,False,1
1,456,299,309,445,False,True,False,False,False,False,False,3
0,534,445,472,467,False,True,False,False,False,False,False,1
0,441,467,499,351,False,False,False,False,True,False,False,1
1,470,351,365,395,False,False,False,False,False,True,False,3
0,357,395,438,335,False,True,False,False,False,False,False,1
0,459,335,331,399,False,False,True,False,False,False,False,2
0,507,399,399,444,False,False,False,True,False,False,False,2
1,539,444,477,414,True,False,False,False,False,False,False,3
0,392,414,401,304,True,False,False,False,False,False,False,2
0,600,304,303,483,False,False,False,False,True,False,False,1
0,423,483,454,339,False,False,False,True,False,False,False,3
0,477,339,337,377,False,False,False,False,False,True,False,2
0,523,377,372,393,True,False,False,False,False,False,False,2
1,522,393,393,335,True,False,False,False,False,False,False,4
0,405,335,356,289,False,False,True,False,False,False,False,4
1,403,289,300,359,True,False,False,False,False,False,False,3
0,459,359,363,327,False,False,True,False,False,False,False,3
0,521,327,311,443,False,False,False,False,False,False,True,2
0,573,443,442,510,False,False,False,False,False,True,False,2
0,553,510,531,476,True,False,False,False,False,False,False,3
0,522,476,461,435,False,False,False,True,False,False,False,2
0,508,435,404,422,False,True,False,False,False,False,False,1
0,399,422,427,347,False,False,False,True,False,False,False,1
0,572,347,357,405,False,False,False,False,False,False,True,4
0,412,405,407,331,False,False,False,False,True,False,False,3
0,381,331,318,314,False,False,False,False,True,False,False,1
0,583,314,300,419,False,False,False,False,False,False,True,3
0,574,419,404,467,False,False,False,False,True,False,False,3
0,509,467,462,477,False,False,False,False,False,False,True,2
0,368,477,463,325,False,False,False,True,False,False,False,1
0,532,325,303,416,False,False,False,False,False,True,False,3
0,491,416,444,430,True,False,False,False,False,False,False,1
0,441,430,434,407,False,True,False,False,False,False,False,1
0,571,407,422,464,False,True,False,False,False,False,False,3
1,481,464,441,370,False,False,False,False,False,True,False,3
0,363,370,372,307,False,True,False,False,False,False,False,1
1,498,307,300,437,False,False,True,False,False,False,False,2
0,572,437,438,468,False,False,False,False,False,True,False,1
0,495,468,485,454,True,False,False,False,False,False,False,1
0,523,454,479,464,True,False,False,False,False,False,False,1
0,436,464,500,323,False,False,True,False,False,False,False,3
0,392,323,308,331,False,False,True,False,False,False,False,3
0,536,331,341,493,False,False,False,False,True,False,False,1
0,455,493,502,395,False,False,True,False,False,False,False,3
0,544,395,410,422,False,False,False,False,True,False,False,3
0,448,422,387,399,False,True,False,False,False,False,False,1
0,501,399,379,365,False,False,False,True,False,False,False,3
0,422,365,394,328,False,False,False,False,True,False,False,1
0,420,328,321,295,False,False,False,False,False,True,False,3
0,369,295,310,324,False,False,False,False,False,False,True,1
1,564,324,300,479,False,False,False,False,False,True,False,1
0,487,479,503,395,True,False,False,False,False,False,False,1
0,483,395,414,397,False,True,False,False,False,False,False,2
1,465,397,429,442,False,False,False,False,False,False,True,1
0,543,442,479,422,False,False,False,False,False,False,True,2
0,353,422,412,299,False,False,False,False,True,False,False,2
1,370,299,300,386,True,False,False,False,False,False,False,1
0,467,386,376,319,False,False,False,False,False,True,False,3
1,503,319,300,441,False,False,False,False,False,False,True,1
0,354,441,433,297,False,False,False,False,True,False,False,2
0,430,297,308,332,False,False,False,False,False,False,True,1
0,525,332,326,494,True,False,False,False,False,False,False,1
0,410,494,507,356,False,True,False,False,False,False,False,2
0,432,356,349,395,False,False,False,False,True,False,False,2
0,514,395,392,425,False,False,False,False,False,True,False,2
0,545,425,433,445,False,False,True,False,False,False,False,1
0,427,445,421,305,True,False,False,False,False,False,False,4
0,371,305,307,320,False,False,False,False,True,False,False,3
0,496,320,300,397,False,False,False,False,True,False,False,1
0,373,397,386,294,False,False,False,False,True,False,False,1
0,570,294,300,458,False,True,False,False,False,False,False,1
0,437,458,448,387,False,False,True,False,False,False,False,3
0,408,387,406,317,False,False,False,False,True,False,False,1
0,535,317,300,448,False,False,True,False,False,False,False,1
0,471,448,443,391,False,False,False,False,False,False,True,2
0,549,391,437,500,False,False,False,False,False,False,True,3
0,595,500,522,520,False,False,False,True,False,False,False,1
1,354,520,559,310,False,False,False,False,False,True,False,1
0,470,310,309,403,False,False,False,False,True,False,False,1
0,543,403,391,431,False,False,False,False,False,False,True,1
0,525,431,436,485,False,False,False,False,False,True,False,1
0,501,485,520,371,False,False,False,True,False,False,False,3
0,407,371,376,327,False,False,False,True,False,False,False,1
0,577,327,320,533,False,False,False,False,False,False,True,2
0,380,533,540,321,False,False,True,False,False,False,False,2
0,565,321,320,521,False,False,False,False,False,True,False,2
0,405,521,485,326,True,False,False,False,False,False,False,1
0,586,326,351,463,False,True,False,False,False,False,False,1
0,444,463,451,378,False,False,False,True,False,False,False,1
0,499,378,405,398,False,True,False,False,False,False,False,3
0,431,398,421,389,False,False,False,False,True,False,False,2
0,493,389,382,426,True,False,False,False,False,False,False,2
0,479,426,449,444,False,False,False,True,False,False,False,2
0,458,444,439,349,False,False,False,True,False,False,False,1
0,364,349,346,310,True,False,False,False,False,False,False,1
0,474,310,330,414,False,False,False,True,False,False,False,1
0,383,414,453,342,False,False,True,False,False,False,False,1
0,393,342,337,349,True,False,False,False,False,False,False,1
0,468,349,340,334,False,False,False,True,False,False,False,4
0,398,334,319,320,False,False,True,False,False,False,False,1
0,370,320,339,269,False,True,False,False,False,False,False,3
0,594,269,300,533,False,True,False,False,False,False,False,1
0,593,533,543,461,False,False,False,False,False,False,True,1
0,592,461,475,508,False,True,False,False,False,False,False,3
0,385,508,531,333,False,True,False,False,False,False,False,3
0,464,333,347,332,False,True,False,False,False,False,False,3
0,461,332,328,383,False,False,False,False,False,True,False,1
0,474,383,368,361,True,False,False,False,False,False,False,1
0,390,361,345,355,False,True,False,False,False,False,False,1
0,588,355,348,552,False,False,False,False,False,False,True,1
0,469,552,514,358,False,False,True,False,False,False,False,1
0,537,358,362,456,True,False,False,False,False,False,False,1
0,563,456,469,427,False,True,False,False,False,False,False,2
0,391,427,445,298,False,False,False,False,False,False,True,2
0,564,298,300,449,False,False,False,False,True,False,False,1
0,413,449,433,332,False,False,False,False,False,True,False,1
0,470,332,348,382,False,False,True,False,False,False,False,1
0,511,382,378,431,False,False,False,False,False,True,False,1
0,555,431,443,524,False,False,False,True,False,False,False,1
0,350,524,499,304,False,False,False,True,False,False,False,1
0,417,304,331,310,False,False,False,False,True,False,False,3
0,577,310,300,457,False,False,False,False,False,False,True,3
0,371,457,493,283,False,False,False,True,False,False,False,1
1,560,283,307,539,False,True,False,False,False,False,False,1
0,572,539,555,489,False,False,False,False,False,False,True,3
0,458,489,500,391,False,True,False,False,False,False,False,1
0,385,391,398,309,False,False,False,False,True,False,False,1
0,545,309,300,462,False,False,False,False,True,False,False,1
0,402,462,448,352,False,False,True,False,False,False,False,1
0,466,352,343,354,False,False,True,False,False,False,False,1
0,513,354,337,318,False,True,False,False,False,False,False,4
0,521,318,340,395,False,False,False,True,False,False,False,1
0,514,395,414,391,False,False,True,False,False,False,False,1
0,478,391,370,438,False,True,False,False,False,False,False,1
1,559,438,420,475,True,False,False,False,False,False,False,1
1,384,475,497,363,True,False,False,False,False,False,False,1
0,389,363,383,335,False,False,False,False,True,False,False,3
0,405,335,321,377,False,False,False,False,True,False,False,1
0,487,377,384,354,False,False,False,False,True,False,False,3
0,477,354,351,404,False,False,False,False,False,False,True,1
0,588,404,435,523,False,False,True,False,False,False,False,1
0,549,523,496,412,False,False,False,True,False,False,False,1
1,570,412,422,601,False,False,False,False,False,True,False,1
0,430,601,584,387,False,False,False,True,False,False,False,1
1,476,387,388,392,False,False,False,True,False,False,False,3
0,587,392,395,466,False,False,False,True,False,False,False,3
1,406,466,474,384,False,False,False,False,False,True,False,1
0,410,384,381,315,False,True,False,False,False,False,False,3
0,374,315,300,284,False,False,False,True,False,False,False,2
0,551,284,300,497,False,False,False,False,True,False,False,1
0,573,497,521,527,False,False,False,False,False,False,True,1
0,582,527,520,461,False,True,False,False,False,False,False,1
0,514,461,453,475,True,False,False,False,False,False,False,1
0,589,475,517,467,False,False,False,True,False,False,False,1
0,514,467,486,415,False,False,True,False,False,False,False,1
0,386,415,447,300,False,False,False,False,False,True,False,1
0,493,300,325,400,False,False,False,False,True,False,False,2
0,359,400,416,315,False,False,False,False,False,False,True,1
1,418,315,345,390,False,False,False,True,False,False,False,1
0,393,390,374,317,False,False,False,True,False,False,False,1
0,560,317,306,432,True,False,False,False,False,False,False,1
0,394,432,428,336,False,False,False,False,False,False,True,1
1,456,336,350,380,False,False,False,False,False,False,True,2
0,372,380,369,304,False,False,True,False,False,False,False,2
0,364,304,300,302,False,False,False,False,True,False,False,1
0,355,302,300,303,False,False,False,True,False,False,False,1
0,404,303,301,329,False,False,False,False,True,False,False,3
0,582,329,329,496,False,False,True,False,False,False,False,2
0,388,496,472,351,False,False,True,False,False,False,False,1
0,403,351,373,364,False,False,False,False,False,True,False,2
0,575,364,372,401,False,False,False,False,False,True,False,3
0,526,401,401,475,False,False,False,False,False,True,False,1
